NO;City;House prices_IDR;Total Building Area;Total Land Area;Number of Bedrooms;Number of Bathrooms;Number of Car Capacity in the Garage
1;Jakarta Selatan;3800000000;220;220;3;3;0
2;Jakarta Selatan;4600000000;180;137;4;3;2
3;Jakarta Selatan;3000000000;267;250;4;4;4
4;Jakarta Selatan;430000000;40;25;2;2;0
5;Jakarta Selatan;9000000000;400;355;6;5;3
6;Jakarta Selatan;4970000000;300;154;5;3;3
7;Jakarta Selatan;2600000000;120;150;3;2;1
8;Jakarta Selatan;10500000000;350;247;4;4;0
9;Jakarta Selatan;3250000000;125;90;3;3;0
10;Jakarta Selatan;4500000000;250;96;5;4;1
11;Jakarta Selatan;3600000000;154;110;3;3;3
12;Jakarta Selatan;9500000000;450;240;4;4;1
13;Jakarta Selatan;10500000000;218;118;3;3;2
14;Jakarta Selatan;12500000000;200;979;4;2;6
15;Jakarta Selatan;4600000000;180;137;5;4;2
16;Jakarta Selatan;3000000000;126;144;4;2;2
17;Jakarta Selatan;6000000000;400;150;5;4;1
18;Jakarta Selatan;7500000000;150;253;5;2;2
19;Jakarta Selatan;18000000000;200;251;5;3;3
20;Jakarta Selatan;9700000000;450;248;5;5;4
21;Jakarta Selatan;14000000000;300;700;8;5;2
22;Jakarta Selatan;8000000000;315;218;7;3;2
23;Jakarta Selatan;700000000;75;75;2;3;0
24;Jakarta Selatan;5500000000;350;230;5;5;3
25;Jakarta Selatan;11000000000;650;695;9;6;2
26;Jakarta Selatan;4000000000;250;199;8;2;2
27;Jakarta Selatan;3900000000;210;130;3;4;2
28;Jakarta Selatan;6500000000;300;200;5;5;4
29;Jakarta Selatan;5800000000;175;200;6;4;2
30;Jakarta Selatan;3200000000;140;110;3;3;2
31;Jakarta Selatan;8800000000;400;230;5;5;2
32;Jakarta Selatan;42000000000;900;600;7;7;1
33;Jakarta Selatan;1100000000;102;102;2;1;0
34;Jakarta Selatan;10900000000;646;428;5;5;2
35;Jakarta Selatan;3600000000;145;200;8;8;1
36;Jakarta Selatan;4000000000;220;120;4;4;3
37;Jakarta Selatan;6000000000;325;222;6;5;0
38;Jakarta Selatan;6500000000;300;200;5;5;1
39;Jakarta Selatan;4500000000;250;154;6;3;1
40;Jakarta Selatan;4500000000;247;105;5;5;1
41;Jakarta Selatan;4000000000;200;140;4;4;2
42;Jakarta Selatan;2600000000;150;90;3;2;2
43;Jakarta Selatan;5500000000;210;239;8;5;1
44;Jakarta Selatan;15000000000;339;643;7;5;5
45;Jakarta Selatan;3500000000;190;100;5;4;2
46;Jakarta Selatan;6000000000;450;240;9;9;0
47;Jakarta Selatan;8000000000;300;232;6;5;0
48;Jakarta Selatan;9500000000;352;305;4;3;0
49;Jakarta Selatan;4300000000;135;146;6;6;1
50;Jakarta Selatan;3800000000;200;135;3;4;0
51;Jakarta Selatan;41000000000;850;600;7;7;0
52;Jakarta Selatan;4000000000;190;175;4;2;1
53;Jakarta Selatan;2500000000;120;90;4;1;1
54;Jakarta Selatan;4750000000;180;196;5;5;1
55;Jakarta Selatan;23000000000;750;610;8;6;4
56;Jakarta Selatan;4400000000;250;96;6;5;2
57;Jakarta Selatan;4500000000;220;140;5;4;2
58;Jakarta Selatan;5000000000;250;180;5;3;2
59;Jakarta Selatan;13000000000;200;393;5;3;1
60;Jakarta Selatan;4150000000;216;135;5;4;1
61;Jakarta Selatan;3800000000;260;130;6;3;2
62;Jakarta Selatan;18000000000;300;410;5;3;0
63;Jakarta Selatan;8100000000;245;240;3;3;2
64;Jakarta Selatan;5250000000;147;108;4;3;2
65;Jakarta Selatan;4500000000;120;145;6;4;2
66;Jakarta Selatan;6200000000;170;200;8;5;2
67;Jakarta Selatan;6500000000;250;200;6;3;2
68;Jakarta Selatan;3500000000;170;112;4;5;2
69;Jakarta Selatan;3199000000;150;149;3;2;0
70;Jakarta Selatan;3200000000;150;130;3;2;1
71;Jakarta Selatan;3799000000;200;130;3;3;1
72;Jakarta Selatan;6000000000;250;198;7;4;2
73;Jakarta Selatan;9790000000;403;393;5;3;2
74;Jakarta Selatan;5500000000;170;270;6;3;1
75;Jakarta Selatan;3350000000;120;135;4;3;1
76;Jakarta Selatan;750000000;78;80;3;2;0
77;Jakarta Selatan;3500000000;250;165;6;4;2
78;Jakarta Selatan;4700000000;180;137;4;3;2
79;Jakarta Selatan;3500000000;170;112;3;4;1
80;Jakarta Selatan;2850000000;160;90;4;2;1
81;Jakarta Selatan;3500000000;160;110;3;3;2
82;Jakarta Selatan;3100000000;120;137;5;2;0
83;Jakarta Selatan;13000000000;196;245;7;3;1
84;Jakarta Selatan;4300000000;170;112;4;5;2
85;Jakarta Selatan;5500000000;180;140;3;4;0
86;Jakarta Selatan;6750000000;350;210;4;4;1
87;Jakarta Selatan;3200000000;200;104;4;3;1
88;Jakarta Selatan;8250000000;460;282;6;5;2
89;Jakarta Selatan;3250000000;150;130;5;2;1
90;Jakarta Selatan;3499000000;110;150;3;2;0
91;Jakarta Selatan;5000000000;330;335;8;4;1
92;Jakarta Selatan;9500000000;445;247;6;5;2
93;Jakarta Selatan;3400000000;140;104;4;3;1
94;Jakarta Selatan;5000000000;325;160;9;6;2
95;Jakarta Selatan;5600000000;250;225;5;3;2
96;Jakarta Selatan;4500000000;180;135;4;3;1
97;Jakarta Selatan;10800000000;500;400;6;5;3
98;Jakarta Selatan;2600000000;210;91;5;4;1
99;Jakarta Selatan;3600000000;180;127;4;4;1
100;Jakarta Selatan;3450000000;170;112;3;4;2
101;Jakarta Selatan;7400000000;200;257;4;3;1
102;Jakarta Selatan;10000000000;400;282;8;4;3
103;Jakarta Selatan;15000000000;800;1225;6;9;2
104;Jakarta Selatan;30000000000;800;752;6;4;0
105;Jakarta Selatan;3500000000;170;108;5;3;3
106;Jakarta Selatan;1700000000;100;80;3;2;0
107;Jakarta Selatan;3500000000;250;141;5;3;2
108;Jakarta Selatan;1300000000;100;90;3;2;0
109;Jakarta Selatan;2800000000;160;90;5;3;1
110;Jakarta Selatan;5000000000;325;160;5;5;0
111;Jakarta Selatan;3200000000;150;80;5;3;1
112;Jakarta Selatan;11000000000;275;305;5;3;1
113;Jakarta Selatan;5000000000;320;150;5;5;1
114;Jakarta Selatan;2200000000;70;98;2;1;0
115;Jakarta Selatan;5600000000;156;192;5;2;2
116;Jakarta Selatan;3800000000;211;180;5;4;3
117;Jakarta Selatan;4000000000;200;146;3;1;1
118;Jakarta Selatan;15000000000;800;692;5;4;4
119;Jakarta Selatan;3850000000;200;130;4;4;2
120;Jakarta Selatan;4200000000;160;140;4;3;2
121;Jakarta Selatan;5990000000;350;210;5;4;3
122;Jakarta Selatan;4000000000;180;152;4;3;2
123;Jakarta Selatan;42000000000;850;600;5;5;5
124;Jakarta Selatan;9500000000;340;240;4;3;2
125;Jakarta Selatan;4000000000;190;140;4;4;2
126;Jakarta Selatan;4000000000;139;230;4;4;1
127;Jakarta Selatan;7000000000;400;282;8;4;3
128;Jakarta Selatan;4525000000;100;161;4;2;1
129;Jakarta Selatan;25000000000;485;550;5;6;2
130;Jakarta Selatan;19900000000;346;450;5;5;2
131;Jakarta Selatan;15000000000;400;578;6;3;2
132;Jakarta Selatan;3600000000;170;146;3;3;1
133;Jakarta Selatan;3950000000;200;148;4;3;1
134;Jakarta Selatan;3900000000;200;130;3;2;2
135;Jakarta Selatan;3850000000;236;137;4;3;2
136;Jakarta Selatan;9200000000;450;695;8;6;2
137;Jakarta Selatan;5950000000;220;200;3;3;2
138;Jakarta Selatan;7500000000;500;280;4;4;1
139;Jakarta Selatan;3100000000;200;103;3;3;1
140;Jakarta Selatan;7000000000;400;182;4;3;2
141;Jakarta Selatan;25000000000;550;840;5;3;6
142;Jakarta Selatan;11000000000;280;344;3;3;2
143;Jakarta Selatan;4350000000;180;132;4;3;2
144;Jakarta Selatan;25000000000;355;1069;5;4;4
145;Jakarta Selatan;4300000000;250;155;5;3;2
146;Jakarta Selatan;8800000000;400;230;6;6;2
147;Jakarta Selatan;13000000000;216;384;3;3;2
148;Jakarta Selatan;4700000000;250;150;4;3;2
149;Jakarta Selatan;7200000000;250;161;3;3;2
150;Jakarta Selatan;3500000000;192;120;5;4;2
151;Jakarta Selatan;7900000000;380;225;5;3;2
152;Jakarta Selatan;2800000000;150;103;3;3;2
153;Jakarta Selatan;2600000000;130;75;3;3;1
154;Jakarta Selatan;5900000000;250;202;5;4;2
155;Jakarta Selatan;850000000;78;69;4;2;0
156;Jakarta Selatan;3600000000;250;180;4;2;0
157;Jakarta Selatan;6850000000;219;338;5;3;3
158;Jakarta Selatan;4500000000;325;226;6;4;1
159;Jakarta Selatan;2600000000;120;150;3;2;1
160;Jakarta Selatan;5750000000;350;240;7;5;0
161;Jakarta Selatan;2999000000;140;140;5;3;1
162;Jakarta Selatan;5000000000;180;127;5;4;2
163;Jakarta Selatan;4000000000;200;135;7;4;2
164;Jakarta Selatan;3500000000;150;112;4;4;1
165;Jakarta Selatan;6100000000;375;130;5;4;3
166;Jakarta Selatan;30000000000;800;498;5;5;5
167;Jakarta Selatan;6500000000;250;181;8;4;2
168;Jakarta Selatan;3750000000;150;112;3;5;2
169;Jakarta Selatan;6300000000;200;133;4;3;2
170;Jakarta Selatan;15000000000;480;387;4;4;3
171;Jakarta Selatan;2650000000;125;90;3;4;2
172;Jakarta Selatan;18500000000;800;360;5;7;5
173;Jakarta Selatan;14500000000;500;307;3;4;2
174;Jakarta Selatan;8750000000;350;202;4;5;3
175;Jakarta Selatan;5800000000;200;138;5;4;2
176;Jakarta Selatan;15000000000;250;310;4;5;2
177;Jakarta Selatan;15000000000;400;580;5;4;3
178;Jakarta Selatan;2300000000;100;90;2;2;1
179;Jakarta Selatan;3950000000;200;166;4;4;3
180;Jakarta Selatan;2750000000;120;135;3;2;1
181;Jakarta Selatan;3250000000;251;146;8;8;2
182;Jakarta Selatan;2590000000;170;76;3;3;2
183;Jakarta Selatan;4500000000;140;140;5;4;2
184;Jakarta Selatan;4500000000;200;148;5;4;2
185;Jakarta Selatan;7150000000;250;162;5;3;2
186;Jakarta Selatan;10500000000;200;189;5;2;0
187;Jakarta Selatan;6500000000;245;125;4;3;3
188;Jakarta Selatan;6750000000;350;210;4;4;1
189;Jakarta Selatan;9500000000;280;304;5;5;0
190;Jakarta Selatan;23000000000;480;600;10;4;2
191;Jakarta Selatan;6500000000;200;222;6;2;2
192;Jakarta Selatan;3600000000;170;146;4;3;1
193;Jakarta Selatan;8800000000;400;230;6;6;2
194;Jakarta Selatan;1900000000;135;135;3;3;2
195;Jakarta Selatan;29000000000;980;672;5;6;4
196;Jakarta Selatan;2550000000;150;90;4;4;2
197;Jakarta Selatan;3300000000;120;90;5;4;2
198;Jakarta Selatan;3100000000;200;90;3;3;1
199;Jakarta Selatan;5950000000;220;200;5;4;1
200;Jakarta Selatan;6100000000;250;204;5;3;2
201;Jakarta Selatan;3200000000;150;87;4;3;2
202;Jakarta Selatan;2500000000;140;78;4;3;1
203;Jakarta Selatan;12500000000;600;208;4;5;4
204;Jakarta Selatan;8000000000;152;230;3;3;1
205;Jakarta Selatan;690000000;90;50;3;1;0
206;Jakarta Selatan;15000000000;500;501;6;3;0
207;Jakarta Selatan;9000000000;200;230;6;3;2
208;Jakarta Selatan;4000000000;180;155;4;3;2
209;Jakarta Selatan;3750000000;200;135;5;3;3
210;Jakarta Selatan;22000000000;1080;619;7;6;4
211;Jakarta Selatan;2100000000;160;120;6;3;1
212;Jakarta Selatan;8700000000;160;261;4;4;2
213;Jakarta Selatan;2900000000;175;135;4;2;0
214;Jakarta Selatan;3500000000;235;140;5;4;1
215;Jakarta Selatan;5500000000;170;270;6;3;1
216;Jakarta Selatan;3500000000;120;86;5;4;1
217;Jakarta Selatan;2500000000;200;100;3;3;2
218;Jakarta Selatan;3600000000;170;146;4;3;2
219;Jakarta Selatan;2400000000;147;154;3;2;1
220;Jakarta Selatan;38000000000;500;720;6;6;3
221;Jakarta Selatan;4900000000;179;158;4;4;2
222;Jakarta Selatan;3250000000;250;145;8;8;2
223;Jakarta Selatan;10000000000;600;306;6;5;3
224;Jakarta Selatan;12500000000;250;189;6;4;2
225;Jakarta Selatan;5500000000;200;150;5;3;1
226;Jakarta Selatan;6000000000;150;159;5;4;2
227;Jakarta Selatan;16000000000;300;405;6;4;0
228;Jakarta Selatan;5000000000;200;130;5;4;1
229;Jakarta Selatan;6000000000;340;173;5;4;2
230;Jakarta Selatan;5600000000;156;192;6;2;2
231;Jakarta Selatan;3750000000;300;180;5;3;2
232;Jakarta Selatan;5600000000;250;225;5;3;2
233;Jakarta Selatan;3200000000;150;80;5;3;1
234;Jakarta Selatan;2500000000;140;77;3;3;1
235;Jakarta Selatan;9900000000;200;340;4;4;1
236;Jakarta Selatan;3800000000;200;130;3;3;2
237;Jakarta Selatan;9500000000;300;368;4;3;3
238;Jakarta Selatan;10000000000;350;273;4;3;4
239;Jakarta Selatan;12500000000;465;350;6;6;2
240;Jakarta Selatan;2700000000;135;150;4;2;3
241;Jakarta Selatan;9800000000;400;248;5;5;3
242;Jakarta Selatan;11500000000;400;300;9;6;6
243;Jakarta Selatan;2600000000;120;142;4;2;1
244;Jakarta Selatan;3100000000;120;86;5;4;2
245;Jakarta Selatan;4650000000;320;135;6;5;1
246;Jakarta Selatan;8750000000;250;200;4;4;2
247;Jakarta Selatan;7200000000;250;161;3;3;2
248;Jakarta Selatan;8000000000;250;300;3;3;2
249;Jakarta Selatan;750000000;80;78;3;1;0
250;Jakarta Selatan;5000000000;250;335;7;5;1
251;Jakarta Selatan;8500000000;260;256;5;5;2
252;Jakarta Selatan;28000000000;1000;775;5;3;5
253;Jakarta Selatan;9500000000;400;345;5;3;1
254;Jakarta Selatan;3800000000;200;140;4;3;1
255;Jakarta Selatan;2650000000;125;90;3;3;2
256;Jakarta Selatan;12000000000;230;244;5;4;3
257;Jakarta Selatan;3300000000;170;154;5;3;2
258;Jakarta Selatan;3900000000;260;146;3;1;1
259;Jakarta Selatan;7800000000;200;253;4;3;3
260;Jakarta Selatan;4700000000;200;150;4;4;2
261;Jakarta Selatan;7500000000;444;200;10;10;2
262;Jakarta Selatan;16000000000;400;400;5;4;4
263;Jakarta Selatan;2600000000;120;142;3;2;1
264;Jakarta Selatan;13000000000;250;322;4;3;2
265;Jakarta Selatan;4500000000;250;96;4;5;2
266;Jakarta Selatan;3850000000;200;186;3;2;2
267;Jakarta Selatan;1900000000;125;133;3;3;1
268;Jakarta Selatan;15000000000;500;384;4;3;3
269;Jakarta Selatan;8000000000;168;221;5;3;2
270;Jakarta Selatan;15000000000;480;378;5;4;1
271;Jakarta Selatan;2700000000;125;90;3;3;2
272;Jakarta Selatan;18000000000;800;361;5;4;1
273;Jakarta Selatan;6500000000;300;248;5;4;0
274;Jakarta Selatan;4500000000;250;96;5;4;1
275;Jakarta Selatan;6500000000;200;222;4;2;1
276;Jakarta Selatan;4000000000;200;146;3;1;1
277;Jakarta Selatan;4000000000;150;120;4;3;1
278;Jakarta Selatan;4000000000;250;135;4;5;1
279;Jakarta Selatan;2700000000;210;91;5;3;0
280;Jakarta Selatan;9000000000;470;353;9;6;3
281;Jakarta Selatan;7500000000;200;288;4;2;1
282;Jakarta Selatan;5500000000;200;454;3;4;1
283;Jakarta Selatan;23000000000;350;565;5;3;4
284;Jakarta Selatan;65000000000;300;200;5;7;4
285;Jakarta Selatan;8250000000;400;230;6;4;2
286;Jakarta Selatan;8500000000;300;205;4;4;4
287;Jakarta Selatan;10750000000;200;189;5;4;3
288;Jakarta Selatan;2458000000;165;135;4;3;1
289;Jakarta Selatan;3500000000;125;153;3;2;1
290;Jakarta Selatan;30000000000;815;312;10;7;1
291;Jakarta Selatan;5500000000;280;216;4;3;3
292;Jakarta Selatan;10000000000;300;368;4;4;4
293;Jakarta Selatan;25900000000;600;1039;7;5;10
294;Jakarta Selatan;2999000000;102;102;3;3;2
295;Jakarta Selatan;5899000000;350;130;6;6;3
296;Jakarta Selatan;3245000000;120;152;4;4;4
297;Jakarta Selatan;5750000128;320;183;6;3;3
298;Jakarta Selatan;6500000000;300;213;5;4;4
299;Jakarta Selatan;6500000000;220;181;8;6;1
300;Jakarta Selatan;4800000000;250;170;4;4;3
301;Jakarta Selatan;16000000000;500;420;4;4;4
302;Jakarta Selatan;13000000000;380;312;4;3;2
303;Jakarta Selatan;7000000000;180;283;4;3;2
304;Jakarta Selatan;2800000000;250;90;4;3;2
305;Jakarta Selatan;1850000000;80;90;3;2;0
306;Jakarta Selatan;20999999488;613;613;9;4;2
307;Jakarta Selatan;4300000000;117;205;4;3;3
308;Jakarta Selatan;4300000000;200;145;3;3;2
309;Jakarta Selatan;5500000000;300;266;6;4;4
310;Jakarta Selatan;9000000000;470;353;9;6;3
311;Jakarta Selatan;3500000000;190;100;5;4;2
312;Jakarta Selatan;12999000000;400;429;9;5;5
313;Jakarta Selatan;2300000000;160;135;4;3;1
314;Jakarta Selatan;7100000000;200;256;5;3;3
315;Jakarta Selatan;7000000000;350;180;3;3;0
316;Jakarta Selatan;1500000000;200;170;7;2;0
317;Jakarta Selatan;1500000000;100;80;4;2;0
318;Jakarta Selatan;3500000000;150;135;4;2;0
319;Jakarta Selatan;4000000000;150;100;3;3;1
320;Jakarta Selatan;4000000000;144;126;4;2;3
321;Jakarta Selatan;3750000000;150;135;3;2;1
322;Jakarta Selatan;4000000000;150;140;4;2;2
323;Jakarta Selatan;6000000000;450;260;7;4;1
324;Jakarta Selatan;2550000000;150;90;4;4;2
325;Jakarta Selatan;23000000000;350;565;5;3;4
326;Jakarta Selatan;9200000000;650;695;9;6;1
327;Jakarta Selatan;7500000000;180;253;3;2;1
328;Jakarta Selatan;14250000000;350;393;5;4;1
329;Jakarta Selatan;4000000000;216;135;5;4;2
330;Jakarta Selatan;5850000000;220;138;4;3;2
331;Jakarta Selatan;2700000000;160;90;3;3;1
332;Jakarta Selatan;3250000000;200;157;7;3;1
333;Jakarta Selatan;9800000000;350;247;4;3;2
334;Jakarta Selatan;12000000000;350;237;4;3;2
335;Jakarta Selatan;18500000000;300;520;5;4;2
336;Jakarta Selatan;14500000000;500;307;10;7;2
337;Jakarta Selatan;8200000000;300;260;4;4;3
338;Jakarta Selatan;2700000000;120;92;3;3;2
339;Jakarta Selatan;2500000000;121;100;3;2;2
340;Jakarta Selatan;9900000000;350;250;5;3;2
341;Jakarta Selatan;4200000000;285;160;5;6;1
342;Jakarta Selatan;10000000000;353;535;10;10;7
343;Jakarta Selatan;5000000000;220;217;3;3;1
344;Jakarta Selatan;4300000000;250;90;4;4;2
345;Jakarta Selatan;3000000000;250;125;3;2;1
346;Jakarta Selatan;3000000000;130;170;4;3;1
347;Jakarta Selatan;3400000000;170;110;4;4;2
348;Jakarta Selatan;3200000000;150;90;3;2;1
349;Jakarta Selatan;3000000000;150;110;4;3;2
350;Jakarta Selatan;3200000000;210;91;5;3;1
351;Jakarta Selatan;3300000000;150;90;3;2;1
352;Jakarta Selatan;5700000000;250;190;4;3;1
353;Jakarta Selatan;2100000000;188;125;6;4;1
354;Jakarta Selatan;4000000000;89;175;3;3;2
355;Jakarta Selatan;2200000000;120;220;5;3;1
356;Jakarta Selatan;8500000000;234;300;5;4;1
357;Jakarta Selatan;1700000000;154;204;5;2;0
358;Jakarta Selatan;10500000000;350;247;5;5;3
359;Jakarta Selatan;1899000000;150;135;4;2;1
360;Jakarta Selatan;1500000000;90;121;3;2;0
361;Jakarta Selatan;9000000000;399;384;3;3;1
362;Jakarta Selatan;3500000000;180;100;5;4;1
363;Jakarta Selatan;13000000000;250;322;4;3;2
364;Jakarta Selatan;7800000000;160;261;3;4;2
365;Jakarta Selatan;8000000000;200;202;5;3;3
366;Jakarta Selatan;8000000000;450;306;5;4;1
367;Jakarta Selatan;2900000000;90;135;2;1;1
368;Jakarta Selatan;2950000000;125;135;2;1;0
369;Jakarta Selatan;2600000000;80;130;2;1;0
370;Jakarta Selatan;2500000000;105;54;3;2;1
371;Jakarta Selatan;2500000000;100;130;3;2;0
372;Jakarta Selatan;2600000000;180;95;4;2;1
373;Jakarta Selatan;2700000000;120;142;3;2;1
374;Jakarta Selatan;5000000000;100;220;2;1;0
375;Jakarta Selatan;5900000000;340;134;5;4;3
376;Jakarta Selatan;3000000000;250;150;3;3;2
377;Jakarta Selatan;3500000000;160;118;4;4;2
378;Jakarta Selatan;3200000000;128;138;3;2;1
379;Jakarta Selatan;5300000000;200;145;3;3;2
380;Jakarta Selatan;6500000000;220;150;3;3;1
381;Jakarta Selatan;6000000000;300;284;7;3;3
382;Jakarta Selatan;3500000000;200;135;3;3;2
383;Jakarta Selatan;2780000000;192;120;5;4;2
384;Jakarta Selatan;4900000000;215;135;9;8;0
385;Jakarta Selatan;3800000000;160;165;4;3;1
386;Jakarta Selatan;4500000000;175;125;3;3;2
387;Jakarta Selatan;6500000000;350;230;4;4;2
388;Jakarta Selatan;5500000000;300;140;3;3;2
389;Jakarta Selatan;7800000000;160;261;3;4;2
390;Jakarta Selatan;3900000000;150;250;4;2;2
391;Jakarta Selatan;9200000000;450;700;8;4;4
392;Jakarta Selatan;2200000000;150;82;5;2;2
393;Jakarta Selatan;2100000000;100;126;2;2;1
394;Jakarta Selatan;2450000000;150;135;5;2;0
395;Jakarta Selatan;2150000000;120;135;3;2;1
396;Jakarta Selatan;2300000000;130;150;4;1;0
397;Jakarta Selatan;2000000000;120;94;2;2;0
398;Jakarta Selatan;2250000000;130;150;2;1;0
399;Jakarta Selatan;2000000000;100;111;2;2;1
400;Jakarta Selatan;4000000000;216;135;5;4;2
401;Jakarta Selatan;22000000000;350;448;6;7;2
402;Jakarta Selatan;13000000000;216;384;3;3;2
403;Jakarta Selatan;9000000000;470;353;9;6;0
404;Jakarta Selatan;6200000000;260;138;6;5;0
405;Jakarta Selatan;2400000000;120;149;3;2;0
406;Jakarta Selatan;15000000000;237;387;5;4;3
407;Jakarta Selatan;22000000000;300;520;4;4;2
408;Jakarta Selatan;2200000000;120;100;3;2;1
409;Jakarta Selatan;5000000000;320;150;9;5;0
410;Jakarta Selatan;23000000000;350;565;5;3;4
411;Jakarta Selatan;2700000000;135;87;3;2;2
412;Jakarta Selatan;4595000000;170;136;5;4;2
413;Jakarta Selatan;1300000000;100;75;3;2;0
414;Jakarta Selatan;12000000000;500;590;10;10;0
415;Jakarta Selatan;21000000000;300;500;4;3;4
416;Jakarta Selatan;3500000000;170;100;5;3;3
417;Jakarta Selatan;3900000000;179;142;5;4;2
418;Jakarta Selatan;25000000000;700;619;5;4;10
419;Jakarta Selatan;3900000000;179;142;5;4;2
420;Jakarta Selatan;1250000000;480;312;4;2;1
421;Jakarta Selatan;3900000000;230;130;3;4;3
422;Jakarta Selatan;3000000000;150;160;5;2;0
423;Jakarta Selatan;12000000000;240;303;6;6;4
424;Jakarta Selatan;5000000000;275;210;6;5;3
425;Jakarta Selatan;2300000000;150;132;4;3;1
426;Jakarta Selatan;9800000000;162;342;5;3;2
427;Jakarta Selatan;6800000000;500;428;5;4;4
428;Jakarta Selatan;11000000000;600;391;7;5;4
429;Jakarta Selatan;11500000000;350;400;9;7;6
430;Jakarta Selatan;3600000000;130;163;3;2;2
431;Jakarta Selatan;22500000000;700;610;6;4;1
432;Jakarta Selatan;9500000000;340;240;7;4;2
433;Jakarta Selatan;13000000000;225;322;4;3;2
434;Jakarta Selatan;10000000000;300;264;5;4;0
435;Jakarta Selatan;5500000000;117;205;5;4;0
436;Jakarta Selatan;3500000000;90;110;3;3;1
437;Jakarta Selatan;3500000000;250;91;4;2;2
438;Jakarta Selatan;3800000000;154;113;4;4;3
439;Jakarta Selatan;2800000000;250;90;3;3;1
440;Jakarta Selatan;13750000000;600;429;6;4;1
441;Jakarta Selatan;6200000000;220;150;4;4;2
442;Jakarta Selatan;4600000000;200;147;4;3;1
443;Jakarta Selatan;12000000000;322;322;4;3;2
444;Jakarta Selatan;2500000000;94;78;2;2;2
445;Jakarta Selatan;2500000000;160;135;3;2;2
446;Jakarta Selatan;9200000000;450;700;8;4;2
447;Jakarta Selatan;6500000000;217;217;3;2;2
448;Jakarta Selatan;12000000000;450;700;8;4;0
449;Jakarta Selatan;35000000000;599;469;4;3;0
450;Jakarta Selatan;4200000000;120;143;6;3;2
451;Jakarta Selatan;5500000000;200;221;5;2;2
452;Jakarta Selatan;3500000000;190;100;6;4;2
453;Jakarta Selatan;900000000;100;56;3;2;0
454;Jakarta Selatan;3500000000;350;100;4;4;2
455;Jakarta Selatan;7500000000;150;288;5;3;1
456;Jakarta Selatan;3500000000;235;140;5;4;2
457;Jakarta Selatan;14000000000;200;475;5;3;0
458;Jakarta Selatan;3500000000;210;170;6;2;2
459;Jakarta Selatan;4950000000;225;110;5;4;2
460;Jakarta Selatan;2600000000;210;91;5;3;1
461;Jakarta Selatan;4200000000;200;165;4;2;0
462;Jakarta Selatan;4200000000;150;100;4;4;0
463;Jakarta Selatan;1300000000;332;125;7;7;0
464;Jakarta Selatan;8500000000;550;440;8;5;5
465;Jakarta Selatan;8750000000;180;137;4;4;2
466;Jakarta Selatan;3900000000;200;130;3;3;1
467;Jakarta Selatan;6100000000;390;130;7;6;3
468;Jakarta Selatan;2500000000;150;90;3;2;1
469;Jakarta Selatan;3500000000;350;100;4;4;2
470;Jakarta Selatan;30900000000;1000;670;8;6;4
471;Jakarta Selatan;55000000000;400;1075;4;3;4
472;Jakarta Selatan;3500000000;225;360;4;2;1
473;Jakarta Selatan;3500000000;200;145;8;8;3
474;Jakarta Selatan;4500000000;150;200;3;2;2
475;Jakarta Selatan;55000000000;1126;1224;4;4;2
476;Jakarta Selatan;22000000000;300;520;4;4;3
477;Jakarta Selatan;3200000000;150;86;5;4;2
478;Jakarta Selatan;6500000000;300;173;4;4;2
479;Jakarta Selatan;1900000000;130;135;5;2;1
480;Jakarta Selatan;5990000000;350;220;5;5;2
481;Jakarta Selatan;5500000000;300;173;4;4;2
482;Jakarta Selatan;16500000000;800;361;7;5;6
483;Jakarta Selatan;23000000000;700;619;5;5;10
484;Jakarta Selatan;4499999744;250;140;5;4;2
485;Jakarta Selatan;3500000000;150;135;3;3;2
486;Jakarta Selatan;6000000000;220;150;4;4;2
487;Jakarta Selatan;3600000000;154;110;3;3;2
488;Jakarta Selatan;4300000000;180;135;4;4;2
489;Jakarta Selatan;7900000000;380;225;5;4;2
490;Jakarta Selatan;27000000512;350;1069;4;4;5
491;Jakarta Selatan;5000000000;320;150;5;5;3
492;Jakarta Selatan;3000000000;110;132;3;2;0
493;Jakarta Selatan;4900000000;280;170;5;4;3
494;Jakarta Selatan;3700000000;130;130;3;3;2
495;Jakarta Selatan;2900000000;160;160;3;3;1
496;Jakarta Selatan;3700000000;175;89;3;3;2
497;Jakarta Selatan;3600000000;100;180;4;2;1
498;Jakarta Selatan;2333333000;80;90;2;2;1
499;Jakarta Selatan;25000000000;890;271;5;6;3
500;Jakarta Selatan;6500000000;275;150;4;5;1
501;Jakarta Selatan;6500000000;270;140;3;3;4
502;Jakarta Selatan;22000000000;300;520;5;4;3
503;Jakarta Selatan;2850000000;102;96;3;2;2
504;Jakarta Selatan;30000000000;900;672;5;6;4
505;Jakarta Selatan;25000000000;350;565;4;4;4
506;Jakarta Selatan;1250000000;120;136;5;2;0
507;Jakarta Selatan;4000000000;194;194;3;3;1
508;Jakarta Selatan;6000000000;250;141;4;4;3
509;Jakarta Selatan;2600000000;147;154;4;3;1
510;Jakarta Selatan;3500000000;126;135;4;3;0
511;Jakarta Selatan;3500000000;170;112;3;4;2
512;Jakarta Selatan;12500000000;600;208;4;5;3
513;Jakarta Selatan;3950000000;260;133;5;5;2
514;Jakarta Selatan;2300000000;100;140;3;2;1
515;Jakarta Selatan;4000000000;216;135;5;4;1
516;Jakarta Selatan;29000000000;900;672;5;6;4
517;Jakarta Selatan;37000000000;500;720;5;5;2
518;Jakarta Selatan;8000000000;382;404;6;3;1
519;Jakarta Selatan;5000000000;180;127;4;4;2
520;Jakarta Selatan;7200000000;200;256;5;3;2
521;Jakarta Selatan;17500000000;800;365;5;4;6
522;Jakarta Selatan;14800000000;500;310;4;4;4
523;Jakarta Selatan;3750000000;196;196;7;5;2
524;Jakarta Selatan;6200000000;390;130;7;6;3
525;Jakarta Selatan;4000000000;200;160;5;4;2
526;Jakarta Selatan;6200000000;251;140;5;4;5
527;Jakarta Selatan;8000000000;252;200;4;3;2
528;Jakarta Selatan;8800000000;400;230;5;5;3
529;Jakarta Selatan;3200000000;150;80;5;5;1
530;Jakarta Selatan;18500000000;300;520;4;3;3
531;Jakarta Selatan;18500000000;800;361;5;4;4
532;Jakarta Selatan;2250000000;135;135;4;4;0
533;Jakarta Selatan;16000000000;140;246;6;6;1
534;Jakarta Selatan;5999999999;240;240;4;4;3
535;Jakarta Selatan;8555555555;304;304;3;2;3
536;Jakarta Selatan;4600000000;215;135;9;8;2
537;Jakarta Selatan;4700000000;222;145;4;3;2
538;Jakarta Selatan;2500000000;165;135;4;3;1
539;Jakarta Selatan;8500000000;260;256;4;3;4
540;Jakarta Selatan;5100000000;200;305;5;2;3
541;Jakarta Selatan;8000000000;330;240;5;5;3
542;Jakarta Selatan;3975000000;325;226;6;5;1
543;Jakarta Selatan;5800000000;340;173;5;4;2
544;Jakarta Selatan;5500000000;420;210;6;5;2
545;Jakarta Selatan;4500000000;120;154;6;4;1
546;Jakarta Selatan;2700000000;94;78;3;2;1
547;Jakarta Selatan;4300000000;180;127;4;4;2
548;Jakarta Selatan;3700000000;150;90;4;4;3
549;Jakarta Selatan;3800000000;200;130;4;4;2
550;Jakarta Selatan;2600000000;200;135;10;3;2
551;Jakarta Selatan;4200000000;400;225;5;4;2
552;Jakarta Selatan;3600000000;200;186;3;2;0
553;Jakarta Selatan;2150000000;100;104;2;1;0
554;Jakarta Selatan;2600000000;120;90;3;2;1
555;Jakarta Selatan;22000000000;400;650;7;4;4
556;Jakarta Selatan;8300000000;260;306;4;3;1
557;Jakarta Selatan;2990000000;162;156;5;4;2
558;Jakarta Selatan;3200000000;160;90;3;3;2
559;Jakarta Selatan;2800000000;150;90;4;3;2
560;Jakarta Selatan;7500000000;350;250;5;4;1
561;Jakarta Selatan;6000000000;295;352;6;4;5
562;Jakarta Selatan;13500000000;400;430;9;4;4
563;Jakarta Selatan;5000000000;320;150;7;6;2
564;Jakarta Selatan;6800000000;500;428;6;4;5
565;Jakarta Selatan;4600000000;176;137;5;4;2
566;Jakarta Selatan;7000000000;300;182;4;3;2
567;Jakarta Selatan;3500000000;400;150;5;4;2
568;Jakarta Selatan;35000000000;1000;1400;10;7;7
569;Jakarta Selatan;5300000000;195;199;5;2;1
570;Jakarta Selatan;4000000000;216;135;5;4;1
571;Jakarta Selatan;3500000000;190;135;4;3;2
572;Jakarta Selatan;2400000000;147;154;2;2;0
573;Jakarta Selatan;3375000000;192;120;5;4;2
574;Jakarta Selatan;15000000000;350;400;7;4;3
575;Jakarta Selatan;22000000000;300;405;4;4;0
576;Jakarta Selatan;14000000000;400;541;5;5;4
577;Jakarta Selatan;23000000000;750;610;6;4;4
578;Jakarta Selatan;7100000000;200;256;6;3;3
579;Jakarta Selatan;6000000000;325;222;6;4;1
580;Jakarta Selatan;4300000000;200;145;3;3;2
581;Jakarta Selatan;3500000000;250;90;3;4;2
582;Jakarta Selatan;6500000000;219;338;5;3;1
583;Jakarta Selatan;7000000000;210;166;6;6;3
584;Jakarta Selatan;6100000000;375;130;6;5;3
585;Jakarta Selatan;4000000000;200;160;5;4;2
586;Jakarta Selatan;8000000000;470;350;7;6;2
587;Jakarta Selatan;10000000000;674;775;4;3;0
588;Jakarta Selatan;3700000000;400;370;6;2;0
589;Jakarta Selatan;3000000000;192;120;4;3;2
590;Jakarta Selatan;8250000000;460;290;6;5;2
591;Jakarta Selatan;3300000000;160;179;4;2;2
592;Jakarta Selatan;11000000000;500;400;6;3;4
593;Jakarta Selatan;7000000000;220;166;4;4;2
594;Jakarta Selatan;2990000000;162;156;6;4;2
595;Jakarta Selatan;3600000000;125;135;5;3;2
596;Jakarta Selatan;2650000000;190;202;4;2;4
597;Jakarta Selatan;2650000000;180;202;4;2;4
598;Jakarta Selatan;2700000000;200;122;5;3;1
599;Jakarta Selatan;22000000000;500;520;5;4;4
600;Jakarta Selatan;2800000000;150;98;4;3;1
601;Jakarta Selatan;9200000000;450;700;8;5;2
602;Jakarta Selatan;6000000000;150;250;4;4;2
603;Jakarta Selatan;1000000000;140;128;5;3;1
604;Jakarta Selatan;14800000000;500;310;3;3;4
605;Jakarta Selatan;7500000000;200;280;5;5;2
606;Jakarta Selatan;20000000000;700;547;6;5;6
607;Jakarta Selatan;1999000000;125;133;4;2;1
608;Jakarta Selatan;1950000000;125;130;4;2;1
609;Jakarta Selatan;11500000000;600;208;4;5;4
610;Jakarta Selatan;2400000000;147;154;3;2;1
611;Jakarta Selatan;3100000000;140;90;3;2;2
612;Jakarta Selatan;4600000000;250;184;4;3;2
613;Jakarta Selatan;3000000000;140;135;3;2;1
614;Jakarta Selatan;3200000000;120;86;5;4;2
615;Jakarta Selatan;15000000000;500;400;9;6;4
616;Jakarta Selatan;4500000000;140;140;3;2;1
617;Jakarta Selatan;6800000000;480;290;6;3;4
618;Jakarta Selatan;6500000000;219;338;5;3;3
619;Jakarta Selatan;3550000000;250;352;5;1;3
620;Jakarta Selatan;23000000000;1000;498;8;9;5
621;Jakarta Selatan;4200000000;220;115;4;3;0
622;Jakarta Selatan;9000000000;250;162;4;3;2
623;Jakarta Selatan;12000000000;385;404;4;3;0
624;Jakarta Selatan;12000000000;350;198;7;5;4
625;Jakarta Selatan;22000000000;600;852;5;5;4
626;Jakarta Selatan;3500000000;300;190;6;6;3
627;Jakarta Selatan;15000000000;200;385;5;5;0
628;Jakarta Selatan;3850000000;160;224;4;3;1
629;Jakarta Selatan;9800000000;759;319;4;4;4
630;Jakarta Selatan;8900000000;300;300;5;4;2
631;Jakarta Selatan;4700000000;280;102;4;3;3
632;Jakarta Selatan;3050000000;173;89;3;4;2
633;Jakarta Selatan;5750000000;250;121;4;4;2
634;Jakarta Selatan;4500000000;250;110;4;3;1
635;Jakarta Selatan;28000000000;750;498;5;5;3
636;Jakarta Selatan;6500000000;117;205;5;4;0
637;Jakarta Selatan;13000000000;500;400;6;3;2
638;Jakarta Selatan;25000000000;350;565;5;5;1
639;Jakarta Selatan;7300000000;500;325;5;5;1
640;Jakarta Selatan;2900000000;125;135;5;2;1
641;Jakarta Selatan;8000000000;278;278;7;3;2
642;Jakarta Selatan;6250000000;240;180;7;5;0
643;Jakarta Selatan;8750000000;300;322;4;4;2
644;Jakarta Selatan;5500000000;360;140;4;4;2
645;Jakarta Selatan;16500000000;700;550;6;6;1
646;Jakarta Selatan;1100000000;63;300;3;1;1
647;Jakarta Selatan;15000000000;700;700;5;3;4
648;Jakarta Selatan;6900000000;250;125;3;2;2
649;Jakarta Selatan;7500000000;500;280;5;4;1
650;Jakarta Selatan;5800000000;220;141;4;4;3
651;Jakarta Selatan;14500000000;400;307;3;3;4
652;Jakarta Selatan;4500000000;200;146;4;4;2
653;Jakarta Selatan;17000000000;600;550;5;6;6
654;Jakarta Selatan;2950000000;150;134;3;2;1
655;Jakarta Selatan;3000000000;150;150;3;2;1
656;Jakarta Selatan;2000000000;80;90;2;1;1
657;Jakarta Selatan;25000000000;350;565;5;5;4
658;Jakarta Selatan;8500000000;300;325;5;3;2
659;Jakarta Selatan;7000000000;280;220;4;3;4
660;Jakarta Selatan;9800000000;400;350;4;5;1
661;Jakarta Selatan;3000000000;150;90;3;2;1
662;Jakarta Selatan;5500000000;200;250;4;3;3
663;Jakarta Selatan;4850000000;300;265;4;3;0
664;Jakarta Selatan;3200000000;150;135;5;2;1
665;Jakarta Selatan;25000000000;1080;619;5;6;2
666;Jakarta Selatan;6700000000;390;130;7;6;3
667;Jakarta Selatan;17000000000;360;606;8;3;1
668;Jakarta Selatan;31000000000;1000;670;6;5;2
669;Jakarta Selatan;9200000000;650;695;6;8;1
670;Jakarta Selatan;6900000000;250;160;3;4;1
671;Jakarta Selatan;3800000000;250;145;8;8;0
672;Jakarta Selatan;3600000000;120;139;5;3;1
673;Jakarta Selatan;1700000000;80;90;2;2;1
674;Jakarta Selatan;2900000000;133;126;3;2;1
675;Jakarta Selatan;1900000000;120;90;3;2;1
676;Jakarta Selatan;17000000000;390;608;9;3;5
677;Jakarta Selatan;7000000000;500;428;6;6;4
678;Jakarta Selatan;3300000000;200;145;8;8;2
679;Jakarta Selatan;7150000000;250;162;4;3;2
680;Jakarta Selatan;8500000000;283;306;5;4;1
681;Jakarta Selatan;600000000;60;30;2;1;0
682;Jakarta Selatan;17000000000;450;310;4;4;4
683;Jakarta Selatan;2750000000;121;100;4;3;1
684;Jakarta Selatan;3000000000;224;124;3;3;1
685;Jakarta Selatan;6500000000;300;200;5;4;4
686;Jakarta Selatan;5900000000;272;311;4;4;5
687;Jakarta Selatan;2400000000;147;154;3;2;0
688;Jakarta Selatan;4800000000;325;226;4;4;3
689;Jakarta Selatan;6500000000;250;180;8;5;2
690;Jakarta Selatan;6500000000;250;181;8;6;1
691;Jakarta Selatan;3195000000;150;135;3;3;1
692;Jakarta Selatan;5000000000;320;150;7;6;2
693;Jakarta Selatan;10000000000;380;230;6;4;0
694;Jakarta Selatan;2200000000;226;95;5;3;2
695;Jakarta Selatan;29000000000;1000;670;5;5;5
696;Jakarta Selatan;14800000000;500;310;4;4;4
697;Jakarta Selatan;2700000000;72;72;4;4;0
698;Jakarta Selatan;3000000000;100;139;3;2;1
699;Jakarta Selatan;6500000000;250;180;8;5;2
700;Jakarta Selatan;7500000000;180;200;5;4;1
701;Jakarta Selatan;5000000000;250;217;3;3;1
702;Jakarta Selatan;3250000000;300;153;8;7;2
703;Jakarta Selatan;3300000000;200;130;9;3;1
704;Jakarta Selatan;4500000000;200;180;4;3;1
705;Jakarta Selatan;7200000000;250;161;3;3;2
706;Jakarta Selatan;2800000000;150;102;3;3;1
707;Jakarta Selatan;4500000000;250;96;5;4;2
708;Jakarta Selatan;2700000000;100;130;5;2;2
709;Jakarta Selatan;9500000000;250;189;4;3;2
710;Jakarta Selatan;5500000000;147;107;6;4;1
711;Jakarta Selatan;23000000000;750;610;8;6;6
712;Jakarta Selatan;1500000000;120;90;3;2;1
713;Jakarta Selatan;7000000000;500;428;8;6;4
714;Jakarta Selatan;3500000000;210;170;5;3;2
715;Jakarta Selatan;4950000000;225;110;5;4;2
716;Jakarta Selatan;30000000000;800;498;5;5;9
717;Jakarta Selatan;1980000000;164;72;4;2;2
718;Jakarta Selatan;6500000000;250;125;3;3;3
719;Jakarta Selatan;3500000000;178;150;3;2;2
720;Jakarta Selatan;1800000000;105;90;3;2;1
721;Jakarta Selatan;13000000000;350;248;4;4;1
722;Jakarta Selatan;3100000000;225;156;4;3;2
723;Jakarta Selatan;4750000000;180;137;4;4;2
724;Jakarta Selatan;2599000000;160;90;4;2;1
725;Jakarta Selatan;6250000000;200;320;4;3;2
726;Jakarta Selatan;3000000000;150;135;3;1;1
727;Jakarta Selatan;6550000000;350;270;5;4;2
728;Jakarta Selatan;5000000000;320;150;7;6;1
729;Jakarta Selatan;16000000000;525;330;4;4;3
730;Jakarta Selatan;23000000000;750;610;8;6;4
731;Jakarta Selatan;7100000256;200;265;6;3;3
732;Jakarta Selatan;2300000000;144;135;4;2;2
733;Jakarta Selatan;7500000000;500;428;6;4;4
734;Jakarta Selatan;5500000000;410;205;4;4;2
735;Jakarta Selatan;2300000000;150;132;4;3;1
736;Jakarta Selatan;15000000000;237;387;5;4;2
737;Jakarta Selatan;3500000000;140;90;3;3;2
738;Jakarta Selatan;5900000000;140;107;3;3;3
739;Jakarta Selatan;3000000000;62;90;5;3;0
740;Jakarta Selatan;30000000000;500;703;8;4;8
741;Jakarta Selatan;2900000000;120;137;5;2;1
742;Jakarta Selatan;6000000000;350;220;5;5;2
743;Jakarta Selatan;18000000000;200;251;5;3;3
744;Jakarta Selatan;5500000000;147;107;6;4;2
745;Jakarta Selatan;3700000000;350;180;4;3;1
746;Jakarta Selatan;6250000000;150;150;3;3;2
747;Jakarta Selatan;3700000000;150;139;5;3;1
748;Jakarta Selatan;7300000000;300;325;5;4;6
749;Jakarta Selatan;6950000000;150;190;4;4;2
750;Jakarta Selatan;3400000000;190;110;5;6;2
751;Jakarta Selatan;3300000000;120;90;3;3;2
752;Jakarta Selatan;42000000000;600;624;3;3;2
753;Jakarta Selatan;2700000000;170;88;5;4;0
754;Jakarta Selatan;6700000000;390;130;4;5;2
755;Jakarta Selatan;12000000000;400;312;4;4;2
756;Jakarta Selatan;1500000000;200;170;7;2;0
757;Jakarta Selatan;2350000000;130;130;4;3;1
758;Jakarta Selatan;3400000000;100;139;6;4;2
759;Jakarta Selatan;3000000000;200;150;5;4;2
760;Jakarta Selatan;5000000000;328;150;7;6;2
761;Jakarta Selatan;4000000000;250;154;6;3;2
762;Jakarta Selatan;2300000000;107;54;3;2;1
763;Jakarta Selatan;4500000000;230;180;4;4;1
764;Jakarta Selatan;4400000000;200;195;7;2;2
765;Jakarta Selatan;4500000000;150;179;3;2;1
766;Jakarta Selatan;2800000000;100;130;3;2;2
767;Jakarta Selatan;3800000000;178;239;4;3;4
768;Jakarta Selatan;15000000000;450;475;5;5;5
769;Jakarta Selatan;3500000000;135;101;4;2;2
770;Jakarta Selatan;5500000000;170;270;6;3;1
771;Jakarta Selatan;2900000000;100;139;3;2;2
772;Jakarta Selatan;10000000000;600;400;4;3;0
773;Jakarta Selatan;4340000000;100;124;3;2;2
774;Jakarta Selatan;25000000000;353;535;10;10;6
775;Jakarta Selatan;2900000000;150;60;4;4;1
776;Jakarta Selatan;3200000000;150;92;4;4;2
777;Jakarta Selatan;6500000000;272;311;5;5;0
778;Jakarta Selatan;3500000000;210;172;5;2;2
779;Jakarta Selatan;25000000000;550;485;4;4;3
780;Jakarta Selatan;7500000000;250;315;3;3;2
781;Jakarta Selatan;2950000000;135;133;4;3;1
782;Jakarta Selatan;5500000000;225;326;7;2;0
783;Jakarta Selatan;9000000000;350;305;5;5;3
784;Jakarta Selatan;2500000000;120;135;4;2;1
785;Jakarta Selatan;3100000000;172;90;4;3;2
786;Jakarta Selatan;3500000000;200;231;4;3;2
787;Jakarta Selatan;12000000000;480;312;4;2;1
788;Jakarta Selatan;7000000000;330;187;7;4;2
789;Jakarta Selatan;6500000000;148;150;4;3;3
790;Jakarta Selatan;4500000000;200;148;4;3;1
791;Jakarta Selatan;7000000000;180;253;3;2;2
792;Jakarta Selatan;2300000000;140;77;4;3;1
793;Jakarta Selatan;8750000000;250;200;5;4;2
794;Jakarta Selatan;8800000000;400;230;5;5;3
795;Jakarta Selatan;3800000000;250;186;4;3;0
796;Jakarta Selatan;13000000000;600;208;4;5;4
797;Jakarta Selatan;1800000000;90;84;3;2;0
798;Jakarta Selatan;13500000000;350;278;6;4;0
799;Jakarta Selatan;7100000000;280;241;5;4;3
800;Jakarta Selatan;8500000000;200;385;5;5;0
801;Jakarta Selatan;3000000000;139;150;3;3;1
802;Jakarta Selatan;3600000000;150;135;5;3;3
803;Jakarta Selatan;22000000000;700;619;5;4;10
804;Jakarta Selatan;750000000;100;78;3;1;0
805;Jakarta Selatan;22000000000;350;448;6;7;4
806;Jakarta Selatan;3500000000;160;118;4;4;2
807;Jakarta Selatan;8500000000;245;240;3;5;2
808;Jakarta Selatan;25000000000;550;485;5;5;2
809;Jakarta Selatan;1600000000;150;90;3;2;1
810;Jakarta Selatan;5500000000;424;311;5;4;4
811;Jakarta Selatan;8000000000;260;306;5;4;2
812;Jakarta Selatan;12500000000;480;312;4;2;1
813;Jakarta Selatan;7500000000;350;220;4;5;1
814;Jakarta Selatan;3000000000;300;110;4;3;1
815;Jakarta Selatan;15000000000;300;260;4;3;4
816;Jakarta Selatan;3900000000;220;135;4;4;1
817;Jakarta Selatan;6000000000;210;203;5;3;1
818;Jakarta Selatan;18000000000;200;450;5;3;2
819;Jakarta Selatan;3000000000;150;90;4;5;1
820;Jakarta Selatan;5000000000;180;107;6;5;2
821;Jakarta Selatan;850000000;56;56;4;2;0
822;Jakarta Selatan;2500000000;140;135;4;3;1
823;Jakarta Selatan;21000000000;350;520;5;4;2
824;Jakarta Selatan;2900000000;150;120;2;2;0
825;Jakarta Selatan;12500000000;600;208;4;5;4
826;Jakarta Selatan;3000000000;160;140;4;3;1
827;Jakarta Selatan;30000000000;500;703;7;4;8
828;Jakarta Selatan;4750000000;200;150;5;5;2
829;Jakarta Selatan;6900000000;400;268;5;4;3
830;Jakarta Selatan;10000000000;300;368;4;4;3
831;Jakarta Selatan;6700000000;250;125;3;3;3
832;Jakarta Selatan;9000000000;350;300;4;4;0
833;Jakarta Selatan;2800000000;200;110;4;3;2
834;Jakarta Selatan;3000000000;180;135;5;4;3
835;Jakarta Selatan;4100000000;220;110;4;3;2
836;Jakarta Selatan;30000000000;498;750;6;6;0
837;Jakarta Selatan;3500000000;162;149;4;2;2
838;Jakarta Selatan;35000000000;800;700;6;7;10
839;Jakarta Selatan;22000000000;776;776;4;3;4
840;Jakarta Selatan;30000000000;800;498;6;6;9
841;Jakarta Selatan;2000000000;128;148;4;3;2
842;Jakarta Selatan;25000000000;550;485;5;4;4
843;Jakarta Selatan;9500000000;380;386;7;4;4
844;Jakarta Selatan;4600000000;250;151;5;3;4
845;Jakarta Selatan;6000000000;168;221;5;3;2
846;Jakarta Selatan;2350000000;160;80;4;3;1
847;Jakarta Selatan;2600000000;140;84;3;2;1
848;Jakarta Selatan;9000000000;300;287;4;3;1
849;Jakarta Selatan;2600000000;150;90;3;2;1
850;Jakarta Selatan;12000000000;470;270;5;4;1
851;Jakarta Selatan;2700000000;90;78;3;2;0
852;Jakarta Selatan;14500000000;600;208;4;4;2
853;Jakarta Selatan;3750000000;127;180;4;4;2
854;Jakarta Selatan;6000000000;325;225;7;5;2
855;Jakarta Selatan;7500000000;150;253;5;2;0
856;Jakarta Selatan;5200000000;300;260;7;3;1
857;Jakarta Selatan;4900000000;250;266;3;2;1
858;Jakarta Selatan;17500000000;750;724;4;2;3
859;Jakarta Selatan;10900000000;646;428;5;5;6
860;Jakarta Selatan;9000000000;300;388;4;3;1
861;Jakarta Selatan;6500000000;168;221;5;2;1
862;Jakarta Selatan;25000000000;600;1000;10;10;10
863;Jakarta Selatan;6000000000;300;150;5;4;2
864;Jakarta Selatan;3300000000;120;90;4;4;1
865;Jakarta Selatan;1100000000;100;50;2;1;0
866;Jakarta Selatan;5000000000;410;205;3;3;1
867;Jakarta Selatan;2500000000;100;150;3;2;0
868;Jakarta Selatan;3500000000;160;118;4;4;2
869;Jakarta Selatan;3000000000;160;90;4;3;1
870;Jakarta Selatan;3300000000;180;110;4;4;2
871;Jakarta Selatan;4400000000;250;130;4;3;2
872;Jakarta Selatan;4250000000;200;150;5;3;4
873;Jakarta Selatan;11000000000;275;305;5;3;1
874;Jakarta Selatan;3000000000;120;90;4;4;1
875;Jakarta Selatan;2500000000;140;88;4;3;0
876;Jakarta Selatan;8800000000;150;205;5;2;2
877;Jakarta Selatan;5500000000;300;248;5;4;3
878;Jakarta Selatan;2200000000;160;100;3;2;1
879;Jakarta Selatan;6000000000;250;170;5;5;3
880;Jakarta Selatan;7000000000;300;240;4;3;4
881;Jakarta Selatan;10500000000;500;345;6;4;2
882;Jakarta Selatan;3500000000;335;140;5;4;0
883;Jakarta Selatan;6000000000;350;210;5;5;1
884;Jakarta Selatan;3800000000;150;130;3;2;1
885;Jakarta Selatan;5500000000;250;140;5;3;1
886;Jakarta Selatan;2500000000;200;122;4;2;1
887;Jakarta Selatan;7500000000;480;290;5;3;2
888;Jakarta Selatan;6800000000;375;130;4;5;4
889;Jakarta Selatan;12500000000;480;312;4;3;2
890;Jakarta Selatan;9500000000;300;368;5;4;2
891;Jakarta Selatan;6000000000;150;200;5;4;2
892;Jakarta Selatan;3500000000;240;130;5;6;2
893;Jakarta Selatan;9000000000;350;305;4;4;3
894;Jakarta Selatan;8000000000;350;178;8;6;2
895;Jakarta Selatan;20000000000;440;660;9;5;5
896;Jakarta Selatan;9700000000;450;248;5;6;1
897;Jakarta Selatan;3600000000;100;130;3;3;0
898;Jakarta Selatan;4200000000;180;120;4;3;2
899;Jakarta Selatan;9000000000;350;240;6;4;3
900;Jakarta Selatan;950000000;130;92;4;2;0
901;Jakarta Selatan;16450000000;700;550;6;6;0
902;Jakarta Selatan;7500000000;320;360;7;4;0
903;Jakarta Selatan;8700000000;375;265;5;4;4
904;Jakarta Selatan;3500000000;230;150;5;4;2
905;Jakarta Selatan;25000000000;400;932;7;5;9
906;Jakarta Selatan;13000000000;800;370;6;5;4
907;Jakarta Selatan;3750000000;120;150;2;2;2
908;Jakarta Selatan;10000000000;450;750;8;6;1
909;Jakarta Selatan;1600000000;80;80;4;3;1
910;Jakarta Selatan;4500000000;320;146;5;5;3
911;Jakarta Selatan;13500000000;235;256;3;2;2
912;Jakarta Selatan;2000000000;100;90;3;2;1
913;Jakarta Selatan;9000000000;211;234;7;5;4
914;Jakarta Selatan;5800000000;280;170;5;4;2
915;Jakarta Selatan;3200000000;160;135;4;3;1
916;Jakarta Selatan;2400000000;154;147;3;2;1
917;Jakarta Selatan;6750000000;350;210;4;4;2
918;Jakarta Selatan;2400000000;75;101;2;1;2
919;Jakarta Selatan;3100000000;150;95;3;3;2
920;Jakarta Selatan;11000000000;399;384;4;4;0
921;Jakarta Selatan;28000000000;500;703;8;4;6
922;Jakarta Selatan;650000000;50;55;2;1;0
923;Jakarta Selatan;5750000000;350;240;7;5;0
924;Jakarta Selatan;2800000000;150;90;3;3;1
925;Jakarta Selatan;3200000000;170;90;4;4;0
926;Jakarta Selatan;23000000000;750;610;8;6;0
927;Jakarta Selatan;1600000000;80;80;4;3;0
928;Jakarta Selatan;2400000000;100;130;4;2;1
929;Jakarta Selatan;6000000000;450;260;7;4;0
930;Jakarta Selatan;4500000000;251;106;4;3;2
931;Jakarta Selatan;3000000000;200;200;4;3;0
932;Jakarta Selatan;2100000000;162;162;3;3;2
933;Jakarta Selatan;5800000000;180;141;4;3;2
934;Jakarta Selatan;9300000000;385;386;6;4;4
935;Jakarta Selatan;2000000000;130;100;3;2;1
936;Jakarta Selatan;35000000000;400;600;5;3;4
937;Jakarta Selatan;4000000000;200;140;4;3;2
938;Jakarta Selatan;6500000000;250;180;8;4;1
939;Jakarta Selatan;2850000000;160;135;3;2;2
940;Jakarta Selatan;6800000000;300;200;5;5;4
941;Jakarta Selatan;3500000000;150;112;3;4;1
942;Jakarta Selatan;3500000000;160;110;4;4;2
943;Jakarta Selatan;10500000000;800;457;7;5;2
944;Jakarta Selatan;12500000009;480;312;6;4;4
945;Jakarta Selatan;5500000000;265;250;4;3;2
946;Jakarta Selatan;5700000000;250;162;4;4;2
947;Jakarta Selatan;26000000000;550;485;4;3;2
948;Jakarta Selatan;3000000000;90;160;5;4;1
949;Jakarta Selatan;9500000000;385;380;5;4;2
950;Jakarta Selatan;3750000000;160;110;3;3;2
951;Jakarta Selatan;3600000000;150;340;6;4;0
952;Jakarta Selatan;6500000000;170;89;3;3;1
953;Jakarta Selatan;7500000000;300;325;5;4;2
954;Jakarta Selatan;2500000000;120;60;3;4;1
955;Jakarta Selatan;3900000000;200;130;5;4;1
956;Jakarta Selatan;16000000000;450;310;5;5;1
957;Jakarta Selatan;18000000000;300;538;5;5;0
958;Jakarta Selatan;18500000000;330;360;7;7;0
959;Jakarta Selatan;3999999999;200;130;4;3;2
960;Jakarta Selatan;5800000000;170;141;4;3;1
961;Jakarta Selatan;3900000000;170;100;5;3;2
962;Jakarta Selatan;3100000000;180;103;3;3;2
963;Jakarta Selatan;3000000000;150;139;3;3;1
964;Jakarta Selatan;14000000000;440;393;6;6;6
965;Jakarta Selatan;13500000000;352;394;6;4;2
966;Jakarta Selatan;4000000000;200;135;4;3;2
967;Jakarta Selatan;3500000000;120;90;3;2;2
968;Jakarta Selatan;4300000000;300;180;5;4;2
969;Jakarta Selatan;3900000000;180;154;4;3;2
970;Jakarta Selatan;19000000512;800;361;5;5;5
971;Jakarta Selatan;2750000000;210;91;5;4;1
972;Jakarta Selatan;2900000000;175;134;5;2;1
973;Jakarta Selatan;9500000000;500;345;8;5;4
974;Jakarta Selatan;23000000000;700;987;4;4;4
975;Jakarta Selatan;21000000000;700;547;4;4;7
976;Jakarta Selatan;2600000000;150;90;3;2;0
977;Jakarta Selatan;4000000000;200;220;7;3;1
978;Jakarta Selatan;22900000000;700;650;3;3;2
979;Jakarta Selatan;4000000000;180;105;5;4;1
980;Jakarta Selatan;3200000000;137;86;4;2;1
981;Jakarta Selatan;2600000000;160;93;4;4;1
982;Jakarta Selatan;6300000000;250;180;4;3;1
983;Jakarta Selatan;3400000000;160;110;3;3;1
984;Jakarta Selatan;3250000000;200;90;4;3;1
985;Jakarta Selatan;3000000000;150;95;4;4;1
986;Jakarta Selatan;4100000000;180;155;4;3;1
987;Jakarta Selatan;6500000000;130;160;4;1;2
988;Jakarta Selatan;1800000000;90;100;2;1;0
989;Jakarta Selatan;3500000000;150;135;4;3;1
990;Jakarta Selatan;2100000000;100;126;2;2;1
991;Jakarta Selatan;3000000000;200;125;2;2;1
992;Jakarta Selatan;2150000000;128;135;3;2;1
993;Jakarta Selatan;3000000000;200;90;3;2;2
994;Jakarta Selatan;3250000000;120;104;4;3;1
995;Jakarta Selatan;1750000000;85;90;2;1;1
996;Jakarta Selatan;1500000000;200;170;7;2;0
997;Jakarta Selatan;3800000000;200;145;8;8;1
998;Jakarta Selatan;2500000000;120;100;3;2;1
999;Jakarta Selatan;4200000000;250;206;5;4;1
1000;Jakarta Selatan;1100000000;70;70;2;1;0
1001;Jakarta Selatan;950000000;100;60;3;1;0
1002;Jakarta Selatan;4500000000;128;90;3;3;1
1003;Jakarta Selatan;7000000000;150;110;4;3;1
1004;Jakarta Selatan;600000000;60;30;2;2;0
1005;Jakarta Selatan;2600000000;100;140;3;2;1
1006;Jakarta Selatan;9000000000;450;550;10;10;3
1007;Jakarta Selatan;4000000000;160;140;4;3;2
1008;Jakarta Selatan;4000000000;139;230;4;4;1
1009;Jakarta Selatan;19000000000;360;606;7;4;0
1010;Jakarta Selatan;10500000000;420;430;7;4;2
